from,edge,to
928,1,768
1000,2,611
333,3,552
509,4,189
477,5,598
708,6,4
777,7,180
98,8,886
553,9,736
70,10,431
735,11,823
170,12,362
689,13,516
492,14,986
137,15,510
323,16,480
180,17,647
962,18,211
40,19,255
625,20,493
477,21,661
362,22,443
998,23,332
720,24,455
459,25,712
606,26,914
353,27,327
848,28,526
739,29,101
437,30,113
337,31,735
933,32,514
495,33,129
481,34,126
660,35,261
252,36,963
909,37,673
777,38,295
477,39,961
531,40,359
717,41,881
54,42,434
69,43,349
648,44,87
61,45,699
933,46,830
282,47,530
542,48,903
392,49,102
897,50,713
668,51,126
785,52,397
477,53,906
867,54,76
822,55,606
991,56,604
868,57,252
965,58,296
868,59,218
7,60,438
103,61,762
499,62,980
433,63,60
878,64,481
365,65,601
604,66,531
156,67,79
77,68,205
660,69,693
350,70,223
836,71,700
702,72,75
153,73,461
374,74,897
552,75,884
873,76,481
997,77,967
789,78,506
303,79,619
923,80,298
9,81,312
329,82,76
115,83,432
618,84,842
162,85,735
339,86,902
92,87,203
720,88,257
628,89,188
497,90,731
984,91,523
64,92,610
335,93,704
743,94,564
180,95,160
1,96,509
685,97,854
885,98,48
408,99,380
988,100,799
119,101,428
56,102,835
896,103,31
320,104,595
133,105,731
200,106,377
294,107,903
21,108,843
334,109,932
930,110,619
224,111,3
57,112,781
701,113,861
336,114,17
984,115,678
343,116,102
489,117,179
828,118,430
823,119,64
959,120,639
554,121,600
646,122,975
663,123,139
776,124,320
446,125,808
914,126,968
562,127,864
407,128,719
672,129,282
697,130,69
295,131,848
127,132,726
78,133,233
414,134,483
282,135,946
650,136,2
412,137,639
653,138,249
702,139,174
114,140,637
249,141,703
58,142,657
631,143,11
880,144,845
391,145,387
24,146,530
777,147,878
539,148,577
636,149,292
284,150,701
42,151,640
220,152,401
62,153,947
891,154,847
173,155,494
206,156,528
183,157,160
109,158,669
876,159,804
819,160,348
869,161,761
505,162,739
463,163,120
911,164,524
183,165,335
853,166,784
232,167,562
769,168,986
859,169,650
810,170,717
519,171,98
992,172,933
638,173,433
791,174,468
6,175,832
269,176,225
443,177,219
797,178,580
405,179,907
947,180,907
780,181,172
789,182,25
537,183,673
471,184,875
115,185,897
472,186,715
139,187,291
241,188,840
786,189,33
813,190,454
756,191,852
978,192,166
893,193,542
813,194,706
624,195,261
495,196,752
998,197,796
76,198,930
541,199,378
230,200,99
755,201,396
809,202,423
791,203,714
130,204,798
250,205,918
845,206,639
159,207,706
471,208,909
396,209,399
38,210,116
131,211,556
361,212,799
871,213,399
432,214,857
466,215,542
433,216,873
964,217,672
738,218,583
318,219,545
214,220,524
315,221,32
183,222,434
534,223,385
304,224,280
585,225,934
395,226,225
188,227,552
928,228,552
228,229,858
377,230,35
214,231,417
114,232,628
187,233,612
117,234,417
938,235,724
733,236,862
170,237,122
968,238,71
238,239,805
794,240,53
927,241,434
182,242,61
537,243,153
211,244,852
795,245,514
353,246,295
921,247,297
894,248,37
221,249,308
58,250,761
507,251,314
902,252,67
158,253,686
118,254,830
295,255,416
95,256,523
931,257,889
10,258,764
771,259,358
521,260,840
720,261,858
52,262,525
306,263,509
942,264,271
642,265,488
431,266,902
635,267,575
983,268,950
984,269,776
471,270,514
925,271,908
728,272,925
87,273,509
828,274,31
221,275,596
412,276,572
474,277,536
6,278,476
562,279,602
34,280,973
221,281,832
279,282,999
83,283,163
527,284,862
634,285,754
469,286,904
356,287,936
457,288,60
216,289,786
680,290,875
735,291,426
669,292,487
819,293,275
122,294,170
973,295,120
186,296,963
54,297,82
639,298,511
271,299,134
612,300,275
1000,301,838
853,302,277
818,303,25
585,304,643
741,305,898
10,306,83
52,307,878
794,308,14
515,309,553
851,310,602
982,311,149
412,312,91
205,313,830
838,314,996
163,315,150
348,316,722
573,317,375
704,318,450
73,319,280
730,320,957
406,321,409
17,322,789
37,323,394
580,324,847
713,325,914
375,326,459
395,327,664
230,328,484
941,329,654
795,330,889
715,331,672
266,332,673
503,333,694
902,334,812
845,335,642
92,336,756
418,337,45
328,338,156
520,339,233
469,340,313
572,341,430
933,342,297
700,343,617
21,344,405
144,345,557
91,346,800
385,347,381
464,348,401
329,349,764
999,350,6
714,351,405
200,352,451
136,353,795
102,354,137
238,355,469
599,356,561
634,357,814
806,358,97
329,359,150
66,360,843
422,361,633
552,362,244
635,363,451
538,364,14
71,365,661
423,366,683
684,367,694
309,368,351
41,369,652
56,370,778
350,371,952
737,372,420
106,373,82
821,374,157
247,375,675
193,376,921
991,377,312
920,378,708
245,379,606
244,380,40
322,381,558
576,382,949
382,383,960
886,384,647
910,385,878
646,386,293
68,387,221
193,388,116
769,389,348
342,390,936
635,391,740
473,392,593
818,393,263
640,394,581
299,395,122
217,396,206
990,397,180
130,398,635
52,399,892
658,400,686
873,401,569
659,402,332
535,403,27
849,404,552
473,405,28
342,406,364
320,407,600
862,408,148
612,409,491
972,410,260
151,411,55
287,412,478
526,413,872
134,414,613
335,415,656
532,416,628
12,417,562
274,418,584
150,419,371
560,420,781
808,421,370
971,422,491
285,423,110
963,424,215
625,425,607
79,426,236
82,427,562
698,428,408
853,429,583
319,430,830
727,431,568
604,432,153
900,433,891
620,434,458
281,435,552
146,436,673
271,437,399
465,438,474
542,439,333
714,440,617
83,441,569
888,442,754
583,443,24
825,444,154
675,445,105
535,446,148
127,447,460
780,448,279
903,449,226
362,450,554
816,451,379
688,452,239
670,453,155
396,454,432
510,455,647
933,456,545
512,457,876
845,458,682
938,459,470
152,460,495
725,461,509
63,462,852
525,463,951
148,464,859
732,465,437
235,466,471
997,467,813
38,468,696
361,469,979
336,470,666
277,471,567
175,472,212
940,473,335
868,474,869
554,475,826
211,476,350
648,477,668
429,478,996
998,479,750
955,480,403
566,481,148
896,482,371
824,483,491
707,484,580
366,485,952
810,486,184
114,487,439
349,488,821
951,489,544
243,490,77
207,491,719
708,492,753
788,493,432
851,494,362
910,495,450
515,496,662
41,497,993
971,498,248
399,499,58
891,500,294
353,501,32
414,502,593
17,503,106
690,504,539
393,505,267
459,506,281
931,507,255
608,508,898
664,509,141
364,510,994
283,511,766
63,512,669
675,513,384
583,514,397
368,515,254
352,516,80
293,517,599
662,518,517
445,519,957
578,520,295
502,521,214
499,522,478
425,523,387
591,524,69
701,525,591
434,526,348
967,527,876
239,528,165
75,529,414
497,530,864
911,531,828
160,532,149
75,533,531
948,534,866
201,535,203
393,536,973
18,537,191
457,538,862
440,539,817
726,540,425
884,541,378
338,542,96
369,543,96
477,544,875
369,545,693
341,546,161
245,547,513
577,548,626
202,549,782
189,550,400
828,551,726
285,552,615
623,553,753
931,554,846
853,555,534
2,556,610
672,557,953
605,558,762
242,559,524
973,560,857
959,561,558
388,562,247
192,563,29
808,564,931
247,565,617
700,566,625
698,567,606
497,568,985
328,569,688
763,570,806
421,571,88
930,572,516
578,573,308
624,574,736
182,575,596
205,576,968
168,577,10
210,578,272
611,579,969
818,580,228
704,581,482
772,582,211
531,583,606
134,584,986
762,585,184
774,586,481
667,587,649
989,588,581
740,589,510
4,590,859
968,591,477
450,592,644
869,593,976
67,594,145
747,595,661
691,596,704
36,597,900
99,598,135
781,599,200
127,600,392
610,601,394
154,602,859
760,603,533
188,604,605
383,605,850
56,606,684
354,607,909
61,608,448
673,609,36
356,610,101
328,611,167
788,612,853
235,613,130
735,614,743
642,615,603
717,616,515
65,617,567
149,618,116
698,619,671
500,620,380
852,621,789
85,622,744
30,623,955
946,624,695
200,625,524
628,626,15
180,627,711
988,628,339
189,629,759
437,630,60
755,631,189
80,632,74
909,633,483
706,634,542
971,635,494
123,636,207
371,637,646
723,638,467
148,639,19
194,640,562
471,641,910
131,642,973
288,643,34
353,644,64
318,645,385
628,646,588
699,647,509
315,648,134
57,649,98
666,650,523
694,651,968
829,652,620
260,653,280
613,654,30
77,655,227
104,656,560
806,657,454
560,658,13
84,659,410
849,660,654
859,661,111
206,662,823
276,663,483
785,664,464
363,665,624
146,666,271
708,667,721
344,668,131
867,669,626
733,670,753
56,671,506
544,672,405
555,673,190
687,674,655
356,675,949
39,676,857
534,677,990
489,678,133
880,679,442
122,680,550
937,681,279
661,682,302
325,683,276
737,684,64
433,685,647
945,686,232
945,687,61
5,688,292
926,689,503
319,690,313
553,691,265
184,692,972
259,693,414
401,694,822
262,695,869
638,696,913
774,697,627
225,698,853
678,699,1
386,700,661
169,701,457
716,702,709
336,703,58
358,704,277
970,705,944
704,706,800
62,707,154
152,708,695
294,709,3
908,710,447
347,711,192
958,712,348
656,713,604
911,714,62
938,715,149
964,716,121
166,717,534
399,718,691
774,719,709
762,720,970
523,721,864
69,722,844
576,723,36
903,724,830
188,725,154
375,726,8
142,727,357
912,728,463
288,729,390
818,730,215
464,731,188
741,732,488
561,733,665
473,734,678
467,735,80
604,736,609
524,737,230
480,738,680
797,739,614
112,740,285
933,741,403
464,742,317
539,743,153
489,744,64
581,745,949
796,746,632
692,747,267
867,748,466
529,749,576
416,750,280
703,751,944
415,752,741
468,753,527
392,754,85
755,755,513
826,756,621
429,757,868
909,758,211
47,759,81
640,760,618
163,761,984
204,762,862
96,763,993
810,764,435
466,765,857
188,766,156
469,767,76
381,768,914
41,769,20
611,770,574
764,771,783
82,772,954
19,773,631
635,774,221
362,775,498
536,776,720
680,777,414
280,778,80
493,779,345
987,780,232
81,781,792
975,782,139
632,783,924
733,784,730
937,785,407
521,786,403
293,787,349
916,788,646
65,789,914
503,790,877
749,791,209
739,792,428
997,793,382
354,794,390
685,795,207
787,796,94
86,797,500
11,798,344
290,799,194
723,800,790
202,801,858
206,802,895
418,803,282
718,804,198
624,805,347
622,806,123
136,807,277
472,808,517
309,809,942
213,810,201
357,811,916
451,812,848
261,813,264
536,814,277
579,815,446
764,816,238
461,817,233
91,818,601
243,819,928
99,820,121
826,821,172
858,822,600
207,823,674
623,824,883
120,825,106
341,826,374
780,827,189
466,828,921
673,829,753
423,830,262
319,831,214
406,832,463
181,833,671
722,834,371
260,835,129
279,836,988
948,837,663
226,838,150
798,839,170
591,840,700
57,841,59
309,842,146
898,843,326
662,844,897
578,845,339
74,846,977
473,847,150
592,848,280
912,849,503
76,850,333
270,851,704
335,852,492
181,853,892
971,854,614
570,855,373
874,856,648
829,857,545
589,858,948
740,859,557
398,860,610
435,861,129
888,862,465
745,863,578
131,864,397
918,865,307
321,866,547
497,867,9
490,868,975
539,869,962
335,870,235
972,871,1
382,872,969
290,873,270
832,874,689
365,875,960
751,876,307
806,877,282
881,878,159
174,879,141
520,880,348
718,881,286
610,882,214
119,883,231
938,884,873
44,885,546
830,886,741
119,887,507
15,888,75
625,889,800
475,890,636
36,891,949
872,892,133
517,893,945
603,894,997
508,895,773
173,896,737
384,897,890
176,898,357
41,899,754
692,900,140
517,901,364
598,902,676
459,903,48
22,904,808
748,905,283
684,906,97
564,907,128
95,908,55
294,909,317
864,910,143
477,911,532
629,912,808
680,913,76
461,914,346
619,915,213
975,916,167
546,917,80
383,918,437
995,919,997
784,920,702
478,921,245
477,922,214
496,923,8
152,924,665
714,925,476
217,926,947
862,927,612
815,928,971
839,929,67
82,930,932
379,931,828
625,932,730
376,933,664
225,934,829
478,935,847
390,936,420
541,937,909
475,938,59
232,939,703
557,940,522
220,941,639
564,942,385
276,943,312
126,944,608
335,945,593
209,946,660
391,947,354
59,948,803
102,949,836
119,950,277
887,951,775
759,952,713
318,953,275
593,954,814
695,955,660
619,956,923
914,957,682
529,958,276
468,959,905
52,960,521
639,961,291
285,962,272
247,963,740
725,964,638
780,965,284
299,966,94
267,967,75
17,968,295
31,969,694
16,970,459
836,971,200
459,972,660
706,973,570
566,974,186
924,975,591
562,976,105
151,977,402
400,978,913
25,979,37
563,980,178
207,981,357
910,982,879
521,983,634
569,984,727
569,985,138
358,986,392
616,987,164
622,988,40
716,989,899
247,990,897
920,991,834
44,992,612
505,993,381
951,994,964
614,995,391
669,996,402
619,997,812
267,998,968
972,999,314
85,1000,701
665,1001,350
871,1002,477
819,1003,925
377,1004,79
124,1005,93
674,1006,598
571,1007,397
313,1008,982
526,1009,957
92,1010,189
847,1011,715
84,1012,915
934,1013,732
566,1014,647
229,1015,608
234,1016,549
91,1017,341
214,1018,972
569,1019,44
775,1020,920
853,1021,824
122,1022,99
320,1023,80
2,1024,509
249,1025,951
649,1026,888
701,1027,878
423,1028,947
4,1029,124
39,1030,997
495,1031,745
86,1032,376
915,1033,376
715,1034,157
900,1035,498
642,1036,602
356,1037,120
303,1038,548
314,1039,154
443,1040,810
895,1041,253
962,1042,942
127,1043,48
547,1044,169
98,1045,337
197,1046,315
698,1047,301
90,1048,951
654,1049,648
296,1050,385
474,1051,748
506,1052,900
62,1053,18
219,1054,713
74,1055,114
737,1056,662
125,1057,739
792,1058,688
942,1059,257
35,1060,89
316,1061,681
297,1062,617
511,1063,644
562,1064,176
436,1065,961
28,1066,813
135,1067,815
273,1068,832
547,1069,657
980,1070,571
207,1071,843
152,1072,724
306,1073,646
246,1074,739
961,1075,271
55,1076,686
102,1077,822
209,1078,783
547,1079,958
717,1080,568
348,1081,319
939,1082,522
439,1083,918
748,1084,758
318,1085,232
879,1086,896
749,1087,814
146,1088,257
420,1089,489
738,1090,150
538,1091,278
905,1092,638
811,1093,496
12,1094,16
981,1095,168
178,1096,131
581,1097,700
742,1098,873
804,1099,785
512,1100,478
254,1101,724
859,1102,303
648,1103,175
329,1104,456
191,1105,236
59,1106,839
306,1107,415
443,1108,451
843,1109,248
796,1110,816
344,1111,410
692,1112,317
316,1113,101
106,1114,258
586,1115,879
392,1116,643
968,1117,755
125,1118,162
137,1119,300
65,1120,599
365,1121,755
47,1122,15
504,1123,947
753,1124,870
195,1125,801
897,1126,700
7,1127,998
25,1128,894
498,1129,719
638,1130,119
669,1131,975
120,1132,379
315,1133,360
830,1134,357
649,1135,206
341,1136,890
491,1137,371
611,1138,793
918,1139,159
6,1140,421
343,1141,675
964,1142,748
669,1143,666
719,1144,184
194,1145,689
955,1146,555
718,1147,763
338,1148,284
939,1149,862
792,1150,59
993,1151,697
564,1152,968
672,1153,285
590,1154,620
705,1155,573
61,1156,458
731,1157,585
410,1158,378
746,1159,54
934,1160,483
263,1161,39
749,1162,637
976,1163,312
733,1164,808
977,1165,849
227,1166,57
640,1167,855
212,1168,734
359,1169,649
847,1170,265
905,1171,849
830,1172,640
583,1173,629
584,1174,354
804,1175,895
372,1176,701
839,1177,801
456,1178,839
82,1179,886
386,1180,494
85,1181,705
247,1182,582
896,1183,313
455,1184,711
370,1185,304
446,1186,829
900,1187,607
394,1188,307
500,1189,246
456,1190,329
883,1191,189
128,1192,41
744,1193,582
441,1194,23
186,1195,918
802,1196,894
882,1197,74
191,1198,63
335,1199,539
60,1200,920
348,1201,984
484,1202,640
354,1203,51
165,1204,856
911,1205,570
685,1206,559
819,1207,83
247,1208,119
886,1209,188
986,1210,637
925,1211,39
742,1212,862
726,1213,414
982,1214,200
8,1215,279
837,1216,633
999,1217,858
33,1218,600
760,1219,383
74,1220,568
629,1221,346
73,1222,908
760,1223,780
960,1224,326
946,1225,97
614,1226,142
764,1227,461
893,1228,210
940,1229,666
979,1230,125
337,1231,424
208,1232,706
983,1233,987
771,1234,509
140,1235,175
66,1236,352
610,1237,63
145,1238,780
82,1239,650
998,1240,285
527,1241,20
509,1242,703
408,1243,115
554,1244,938
691,1245,533
8,1246,644
407,1247,243
246,1248,672
622,1249,235
221,1250,263
435,1251,428
936,1252,420
970,1253,763
613,1254,175
944,1255,919
890,1256,140
61,1257,753
944,1258,325
761,1259,770
821,1260,796
1000,1261,3
852,1262,329
243,1263,582
59,1264,485
135,1265,53
398,1266,981
757,1267,926
952,1268,324
140,1269,507
469,1270,500
191,1271,992
103,1272,791
694,1273,467
311,1274,357
514,1275,34
345,1276,640
448,1277,910
390,1278,531
571,1279,510
755,1280,515
559,1281,864
863,1282,711
255,1283,27
178,1284,477
80,1285,726
284,1286,763
744,1287,99
691,1288,82
468,1289,854
754,1290,290
139,1291,606
27,1292,999
937,1293,371
45,1294,288
323,1295,472
991,1296,375
90,1297,499
624,1298,489
525,1299,884
572,1300,351
131,1301,931
475,1302,89
304,1303,848
194,1304,383
759,1305,316
160,1306,772
674,1307,621
958,1308,389
618,1309,405
762,1310,82
186,1311,495
250,1312,847
807,1313,343
662,1314,293
409,1315,669
412,1316,45
292,1317,280
967,1318,446
132,1319,172
944,1320,803
360,1321,337
477,1322,407
528,1323,988
580,1324,294
881,1325,631
823,1326,443
826,1327,895
45,1328,542
373,1329,808
667,1330,549
62,1331,436
842,1332,293
390,1333,1000
639,1334,429
759,1335,377
608,1336,100
124,1337,756
255,1338,206
145,1339,634
711,1340,562
858,1341,407
686,1342,867
234,1343,230
886,1344,109
166,1345,118
123,1346,680
416,1347,36
236,1348,391
135,1349,368
448,1350,349
203,1351,387
356,1352,543
64,1353,964
612,1354,396
901,1355,557
757,1356,793
923,1357,745
709,1358,949
39,1359,194
695,1360,132
795,1361,252
235,1362,95
595,1363,826
954,1364,264
479,1365,894
960,1366,572
102,1367,911
633,1368,369
561,1369,590
220,1370,496
367,1371,464
903,1372,54
386,1373,654
822,1374,736
30,1375,327
161,1376,770
454,1377,682
595,1378,956
305,1379,861
191,1380,72
435,1381,67
398,1382,762
453,1383,403
166,1384,945
370,1385,58
468,1386,420
706,1387,49
127,1388,669
128,1389,2
419,1390,464
911,1391,807
194,1392,621
349,1393,708
925,1394,462
751,1395,967
601,1396,931
907,1397,795
989,1398,827
535,1399,702
980,1400,89
682,1401,560
204,1402,974
354,1403,80
19,1404,1000
688,1405,29
708,1406,598
874,1407,98
88,1408,617
289,1409,61
107,1410,964
991,1411,254
98,1412,646
355,1413,525
808,1414,96
839,1415,129
19,1416,206
61,1417,208
921,1418,982
671,1419,924
81,1420,17
801,1421,796
980,1422,721
936,1423,820
279,1424,706
781,1425,58
685,1426,325
533,1427,892
727,1428,516
761,1429,306
656,1430,337
265,1431,892
214,1432,561
995,1433,665
485,1434,209
411,1435,903
103,1436,909
93,1437,44
940,1438,439
78,1439,645
606,1440,26
42,1441,552
204,1442,876
22,1443,921
651,1444,906
74,1445,28
507,1446,167
14,1447,542
94,1448,401
764,1449,158
657,1450,544
967,1451,998
790,1452,414
17,1453,883
961,1454,764
434,1455,254
11,1456,569
498,1457,925
908,1458,92
408,1459,231
506,1460,186
949,1461,713
45,1462,537
341,1463,11
144,1464,762
961,1465,48
385,1466,916
284,1467,215
478,1468,562
310,1469,162
39,1470,184
290,1471,426
731,1472,691
902,1473,161
543,1474,375
809,1475,636
743,1476,226
588,1477,798
327,1478,912
258,1479,225
317,1480,510
491,1481,59
210,1482,191
107,1483,859
615,1484,268
45,1485,561
237,1486,144
675,1487,999
293,1488,689
575,1489,589
169,1490,326
178,1491,284
827,1492,269
82,1493,510
789,1494,626
52,1495,928
468,1496,947
997,1497,587
82,1498,781
634,1499,73
847,1500,866
48,1501,568
984,1502,111
495,1503,910
752,1504,536
578,1505,768
526,1506,857
686,1507,965
334,1508,708
568,1509,361
989,1510,229
668,1511,373
721,1512,636
25,1513,616
95,1514,667
692,1515,36
130,1516,511
745,1517,408
38,1518,101
470,1519,541
73,1520,701
671,1521,427
74,1522,619
460,1523,59
769,1524,23
658,1525,51
203,1526,332
508,1527,22
181,1528,430
458,1529,451
814,1530,446
72,1531,593
698,1532,31
209,1533,844
475,1534,312
731,1535,120
123,1536,703
124,1537,946
312,1538,857
251,1539,580
441,1540,586
774,1541,973
983,1542,116
168,1543,208
515,1544,159
270,1545,565
784,1546,135
349,1547,715
152,1548,23
117,1549,796
279,1550,419
713,1551,307
529,1552,762
562,1553,389
861,1554,829
975,1555,907
326,1556,385
327,1557,58
148,1558,663
14,1559,989
747,1560,523
553,1561,907
980,1562,557
836,1563,170
771,1564,155
690,1565,706
382,1566,456
837,1567,748
852,1568,941
45,1569,303
644,1570,899
161,1571,464
971,1572,165
110,1573,718
569,1574,968
453,1575,497
658,1576,893
233,1577,685
73,1578,24
815,1579,245
424,1580,167
417,1581,995
277,1582,375
388,1583,947
348,1584,676
746,1585,884
381,1586,568
863,1587,630
679,1588,794
407,1589,296
189,1590,456
923,1591,370
296,1592,710
378,1593,529
617,1594,467
159,1595,992
142,1596,902
990,1597,387
448,1598,635
973,1599,633
457,1600,354
982,1601,129
870,1602,723
717,1603,291
762,1604,117
716,1605,991
582,1606,392
99,1607,264
401,1608,70
43,1609,651
92,1610,211
875,1611,257
116,1612,526
821,1613,303
196,1614,390
279,1615,874
622,1616,55
148,1617,103
218,1618,851
402,1619,246
79,1620,985
180,1621,831
570,1622,713
19,1623,54
586,1624,294
10,1625,63
514,1626,208
785,1627,317
404,1628,615
776,1629,84
194,1630,520
986,1631,820
460,1632,577
259,1633,28
796,1634,279
569,1635,785
482,1636,925
934,1637,901
801,1638,206
222,1639,415
720,1640,171
672,1641,337
138,1642,870
779,1643,543
785,1644,31
449,1645,67
26,1646,981
112,1647,462
960,1648,699
82,1649,224
895,1650,962
929,1651,643
317,1652,536
240,1653,137
149,1654,617
299,1655,978
328,1656,258
696,1657,971
749,1658,777
144,1659,193
374,1660,564
581,1661,51
932,1662,85
496,1663,505
787,1664,356
54,1665,128
28,1666,116
686,1667,422
158,1668,859
443,1669,930
591,1670,917
691,1671,216
569,1672,118
616,1673,607
385,1674,111
13,1675,960
972,1676,103
732,1677,828
619,1678,126
128,1679,530
566,1680,28
667,1681,931
169,1682,917
902,1683,798
731,1684,118
390,1685,714
236,1686,208
565,1687,890
830,1688,448
210,1689,972
862,1690,967
425,1691,351
495,1692,477
963,1693,69
646,1694,146
965,1695,129
488,1696,301
343,1697,599
89,1698,491
179,1699,219
677,1700,573
749,1701,747
263,1702,371
592,1703,263
642,1704,770
592,1705,945
292,1706,924
26,1707,105
685,1708,218
682,1709,570
112,1710,177
318,1711,842
232,1712,718
798,1713,385
227,1714,55
788,1715,498
285,1716,393
94,1717,28
919,1718,947
82,1719,438
832,1720,135
802,1721,738
648,1722,422
467,1723,409
258,1724,479
457,1725,77
789,1726,289
727,1727,991
742,1728,990
562,1729,594
754,1730,362
244,1731,399
405,1732,26
463,1733,397
254,1734,202
733,1735,40
333,1736,780
957,1737,862
230,1738,63
90,1739,812
861,1740,66
509,1741,444
70,1742,299
852,1743,563
292,1744,683
441,1745,238
634,1746,808
638,1747,77
414,1748,468
752,1749,963
458,1750,738
712,1751,733
534,1752,573
744,1753,20
686,1754,730
337,1755,863
487,1756,331
953,1757,955
418,1758,406
321,1759,986
410,1760,4
20,1761,286
971,1762,540
187,1763,315
937,1764,219
591,1765,776
951,1766,644
504,1767,906
76,1768,243
69,1769,757
417,1770,243
962,1771,186
822,1772,41
193,1773,81
797,1774,38
127,1775,88
31,1776,824
167,1777,510
227,1778,278
654,1779,4
420,1780,971
9,1781,988
981,1782,663
407,1783,180
621,1784,933
448,1785,410
590,1786,295
169,1787,20
272,1788,73
798,1789,849
329,1790,808
492,1791,671
496,1792,631
15,1793,957
503,1794,466
800,1795,110
466,1796,855
242,1797,338
98,1798,730
475,1799,731
786,1800,267
665,1801,39
491,1802,429
494,1803,382
199,1804,659
449,1805,734
703,1806,396
402,1807,328
271,1808,126
160,1809,897
179,1810,168
83,1811,293
415,1812,645
49,1813,715
593,1814,665
529,1815,351
238,1816,468
98,1817,242
998,1818,728
856,1819,584
619,1820,595
598,1821,583
594,1822,712
798,1823,14
32,1824,290
606,1825,672
910,1826,330
409,1827,390
36,1828,828
500,1829,67
535,1830,881
86,1831,108
706,1832,382
18,1833,942
35,1834,210
49,1835,965
979,1836,867
342,1837,487
222,1838,624
255,1839,273
704,1840,345
155,1841,660
629,1842,528
504,1843,873
839,1844,265
19,1845,232
110,1846,740
784,1847,881
905,1848,128
664,1849,541
6,1850,296
597,1851,905
82,1852,215
249,1853,986
603,1854,432
690,1855,837
573,1856,681
809,1857,686
540,1858,709
680,1859,701
809,1860,216
306,1861,744
531,1862,781
229,1863,376
527,1864,191
624,1865,558
129,1866,257
27,1867,57
773,1868,388
298,1869,678
87,1870,881
463,1871,755
574,1872,945
666,1873,106
87,1874,898
251,1875,946
266,1876,702
383,1877,633
266,1878,489
164,1879,379
354,1880,618
115,1881,191
243,1882,988
108,1883,713
151,1884,80
528,1885,177
541,1886,241
470,1887,94
62,1888,177
981,1889,794
346,1890,589
825,1891,80
576,1892,408
483,1893,848
151,1894,744
418,1895,719
786,1896,269
723,1897,480
320,1898,784
13,1899,968
625,1900,117
481,1901,808
845,1902,267
465,1903,394
558,1904,201
361,1905,620
298,1906,564
81,1907,39
155,1908,974
800,1909,895
199,1910,687
447,1911,853
775,1912,245
506,1913,355
562,1914,347
656,1915,709
203,1916,372
896,1917,714
385,1918,223
713,1919,695
810,1920,827
911,1921,162
564,1922,75
265,1923,501
316,1924,494
680,1925,830
645,1926,492
916,1927,953
302,1928,402
491,1929,643
441,1930,24
382,1931,994
530,1932,592
76,1933,791
334,1934,744
416,1935,240
183,1936,87
689,1937,729
674,1938,974
648,1939,735
892,1940,367
309,1941,249
358,1942,907
641,1943,334
553,1944,33
873,1945,460
424,1946,58
64,1947,420
896,1948,638
55,1949,378
80,1950,724
385,1951,747
33,1952,101
379,1953,635
247,1954,118
566,1955,293
660,1956,34
483,1957,68
769,1958,449
922,1959,500
910,1960,9
947,1961,94
11,1962,21
599,1963,984
82,1964,973
151,1965,370
279,1966,867
503,1967,107
957,1968,76
892,1969,483
805,1970,122
315,1971,478
924,1972,446
975,1973,678
225,1974,24
672,1975,855
695,1976,224
75,1977,128
914,1978,625
306,1979,240
899,1980,477
886,1981,622
88,1982,811
850,1983,669
518,1984,810
724,1985,452
942,1986,870
868,1987,367
703,1988,678
668,1989,760
773,1990,963
429,1991,570
816,1992,305
900,1993,604
36,1994,715
406,1995,440
107,1996,403
664,1997,971
675,1998,178
213,1999,764
541,2000,214
